{
   "Camera": {
      "pitch": -26.2001056671143,
      "position": [
         0.102351292967796,
         16.2472114562988,
         -25.9404239654541
      ],
      "yaw": 83.2001876831055
   },
   "Cube": {
      "position": [
         0.0,
         10.0,
         0.0
      ],
      "rotation": [
         0.0,
         0.0,
         0.0
      ],
      "scale": [
         1.0,
         1.0,
         1.0
      ]
   },
   "SecondCube": {
      "position": [
         10.0,
         3.0,
         0.0
      ],
      "rotation": [
         0.0,
         0.0,
         0.0
      ],
      "scale": [
         1.0,
         1.0,
         1.0
      ]
   }
}
