{
   "Camera": {
      "pitch": -21.0000953674316,
      "position": [
         3.64737105369568,
         19.5250949859619,
         -31.4928646087646
      ],
      "yaw": 88.8002090454102
   },
   "Cube": {
      "position": [
         0.0,
         10.0,
         0.0
      ],
      "rotation": [
         0.0,
         0.0,
         0.0
      ],
      "scale": [
         1.0,
         1.0,
         1.0
      ]
   },
   "SecondCube": {
      "position": [
         10.0,
         3.0,
         0.0
      ],
      "rotation": [
         0.0,
         0.0,
         0.0
      ],
      "scale": [
         1.0,
         1.0,
         1.0
      ]
   }
}
