{
   "Camera": {
      "count": 1,
      "pitch": -27.0002822875977,
      "position": [
         -0.339024752378464,
         21.7509822845459,
         31.9413146972656
      ],
      "yaw": 269.197113037109
   },
   "Hello": {
      "position": [
         -10.0,
         4.0,
         0.0
      ],
      "rotation": [
         0.0,
         70.0,
         0.0
      ],
      "scale": [
         1.0,
         1.0,
         1.0
      ]
   },
   "Player": {
      "position": [
         5.0,
         5.0,
         0.0
      ],
      "rotation": [
         0.0,
         30.0,
         0.0
      ],
      "scale": [
         1.0,
         1.0,
         1.0
      ]
   },
   "Scene": {
      "count": 2,
      "names": [
         "Player",
         "Hello"
      ]
   }
}
