{
   "Camera": {
      "count": 1,
      "pitch": -24.600284576416,
      "position": [
         -2.64734959602356,
         11.0285034179688,
         16.072696685791
      ],
      "yaw": 275.196350097656
   },
   "Papi": {
      "model": 0,
      "pickingType": 0,
      "position": [
         -8.0,
         5.0,
         0.0
      ],
      "rotation": [
         40.0,
         50.0,
         100.0
      ],
      "scale": [
         1.0,
         1.0,
         1.0
      ]
   },
   "Roger": {
      "model": 0,
      "pickingType": 0,
      "position": [
         2.0,
         5.0,
         0.0
      ],
      "rotation": [
         0.0,
         50.0,
         0.0
      ],
      "scale": [
         1.0,
         1.0,
         1.0
      ]
   },
   "Scene": {
      "count": 2,
      "names": [
         "Roger",
         "Papi"
      ]
   }
}
