{
   "Camera": {
      "pitch": -23.4001083374023,
      "position": [
         0.862649440765381,
         12.9356184005737,
         -20.7173442840576
      ],
      "yaw": 91.2002410888672
   },
   "Cube0": {
      "position": [
         0.0,
         7.0,
         0.0
      ],
      "rotation": [
         0.0,
         0.0,
         0.0
      ],
      "scale": [
         1.0,
         1.0,
         1.0
      ]
   },
   "Cube1": {
      "position": [
         4.0,
         3.0,
         0.0
      ],
      "rotation": [
         0.0,
         0.0,
         0.0
      ],
      "scale": [
         1.0,
         1.0,
         1.0
      ]
   },
   "Scene": {
      "Count": 2,
      "Names": [
         "Cube0",
         "Cube1"
      ]
   }
}
