{
   "Camera": {
      "count": 1,
      "pitch": -10.6001596450806,
      "position": [
         4.26967430114746,
         11.7052326202393,
         29.2291660308838
      ],
      "yaw": 271.200134277344
   },
   "Cube0": {
      "position": [
         4.0,
         6.0,
         0.0
      ],
      "rotation": [
         0.0,
         0.0,
         0.0
      ],
      "scale": [
         1.0,
         1.0,
         1.0
      ]
   },
   "Cube1": {
      "position": [
         0.0,
         2.0,
         0.0
      ],
      "rotation": [
         0.0,
         0.0,
         0.0
      ],
      "scale": [
         1.0,
         1.0,
         1.0
      ]
   },
   "Scene": {
      "count": 2,
      "names": [
         "Cube0",
         "Cube1"
      ]
   }
}
