{
   "Camera": {
      "count": 1,
      "pitch": -18.2002468109131,
      "position": [
         0.314367949962616,
         11.2369604110718,
         26.854793548584
      ],
      "yaw": 267.595123291016
   },
   "Cube": {
      "model": 0,
      "pickingType": 0,
      "position": [
         0.0,
         5.0,
         0.0
      ],
      "rotation": [
         0.0,
         50.0,
         0.0
      ],
      "scale": [
         1.0,
         1.0,
         1.0
      ]
   },
   "Plane": {
      "model": 0,
      "pickingType": 0,
      "position": [
         0.0,
         0.0,
         0.0
      ],
      "rotation": [
         0.0,
         0.0,
         0.0
      ],
      "scale": [
         10.0,
         0.100000001490116,
         10.0
      ]
   },
   "Scene": {
      "count": 2,
      "names": [
         "Cube",
         "Plane"
      ]
   }
}
