{
   "Camera": {
      "count": 1,
      "pitch": -25.8002662658691,
      "position": [
         -3.304527759552,
         18.4084930419922,
         32.410717010498
      ],
      "yaw": 274.796752929688
   },
   "Hello": {
      "position": [
         -10.0,
         4.0,
         0.0
      ],
      "rotation": [
         0.0,
         70.0,
         0.0
      ],
      "scale": [
         1.0,
         1.0,
         1.0
      ]
   },
   "Player": {
      "position": [
         5.0,
         8.0,
         0.0
      ],
      "rotation": [
         40.0,
         90.0,
         0.0
      ],
      "scale": [
         1.0,
         1.0,
         1.0
      ]
   },
   "Scene": {
      "count": 2,
      "names": [
         "Player",
         "Hello"
      ]
   }
}
