{
   "Camera": {
      "count": 1,
      "pitch": -29.4002742767334,
      "position": [
         -3.27707743644714,
         14.1606683731079,
         17.9237518310547
      ],
      "yaw": 269.596740722656
   },
   "Player": {
      "model": 0,
      "pickingType": 0,
      "position": [
         5.0,
         8.0,
         0.0
      ],
      "rotation": [
         40.0,
         90.0,
         0.0
      ],
      "scale": [
         1.0,
         1.0,
         1.0
      ]
   },
   "Roger": {
      "model": 0,
      "pickingType": 0,
      "position": [
         -5.0,
         4.0,
         0.0
      ],
      "rotation": [
         0.0,
         0.0,
         0.0
      ],
      "scale": [
         1.0,
         1.0,
         1.0
      ]
   },
   "Scene": {
      "count": 2,
      "names": [
         "Player",
         "Roger"
      ]
   }
}
