{
   "Camera": {
      "pitch": -5.40001153945923,
      "position": [
         3.40445160865784,
         12.0059061050415,
         -16.5392951965332
      ],
      "yaw": 81.6001358032227
   },
   "Cube": {
      "position": [
         5.0,
         10.0,
         0.0
      ],
      "rotation": [
         0.0,
         0.0,
         0.0
      ],
      "scale": [
         1.0,
         1.0,
         1.0
      ]
   }
}
