{
   "Camera": {
      "pitch": -33.2000427246094,
      "position": [
         -36.20361328125,
         28.0520210266113,
         4.44740390777588
      ],
      "yaw": -5.19997310638428
   },
   "Cube": {
      "position": [
         5.0,
         10.0,
         0.0
      ],
      "rotation": [
         30.0,
         40.0,
         0.0
      ],
      "scale": [
         1.0,
         1.0,
         1.0
      ]
   },
   "SecondCube": {
      "position": [
         0.0,
         2.0,
         0.0
      ],
      "rotation": [
         3.0,
         0.0,
         0.0
      ],
      "scale": [
         1.0,
         1.0,
         1.0
      ]
   }
}
