{
   "Camera": {
      "count": 1,
      "pitch": -12.2002573013306,
      "position": [
         -1.64204859733582,
         13.0185499191284,
         27.6319026947021
      ],
      "yaw": 270.797821044922
   },
   "Hello": {
      "position": [
         -6.0,
         4.0,
         0.0
      ],
      "rotation": [
         0.0,
         0.0,
         0.0
      ],
      "scale": [
         1.0,
         1.0,
         1.0
      ]
   },
   "Player": {
      "position": [
         -1.0,
         5.0,
         0.0
      ],
      "rotation": [
         0.0,
         0.0,
         0.0
      ],
      "scale": [
         1.0,
         1.0,
         1.0
      ]
   },
   "Scene": {
      "count": 2,
      "names": [
         "Player",
         "Hello"
      ]
   }
}
