{
   "Camera": {
      "count": 1,
      "pitch": -15.8002843856812,
      "position": [
         2.10656929016113,
         9.65622329711914,
         26.8996849060059
      ],
      "yaw": 270.799652099609
   },
   "Hello": {
      "position": [
         3.0,
         1.0,
         0.0
      ],
      "rotation": [
         0.0,
         0.0,
         0.0
      ],
      "scale": [
         1.0,
         1.0,
         1.0
      ]
   },
   "Littleman": {
      "position": [
         0.0,
         5.0,
         0.0
      ],
      "rotation": [
         0.0,
         0.0,
         0.0
      ],
      "scale": [
         1.0,
         1.0,
         1.0
      ]
   },
   "Player": {
      "position": [
         5.0,
         9.0,
         0.0
      ],
      "rotation": [
         0.0,
         0.0,
         0.0
      ],
      "scale": [
         1.0,
         1.0,
         1.0
      ]
   },
   "Scene": {
      "count": 3,
      "names": [
         "Littleman",
         "Player",
         "Hello"
      ]
   }
}
