{
   "Camera": {
      "pitch": -22.6000213623047,
      "position": [
         8.50088024139404,
         16.0718059539795,
         -22.9060802459717
      ],
      "yaw": 94.8002395629883
   },
   "Cube": {
      "position": [
         5.0,
         10.0,
         0.0
      ],
      "rotation": [
         0.0,
         30.0,
         0.0
      ],
      "scale": [
         1.0,
         1.0,
         1.0
      ]
   },
   "SecondCube": {
      "position": [
         10.0,
         3.0,
         0.0
      ],
      "rotation": [
         0.0,
         0.0,
         0.0
      ],
      "scale": [
         1.0,
         1.0,
         1.0
      ]
   }
}
