{
   "Camera": {
      "count": 1,
      "pitch": -24.2002735137939,
      "position": [
         0.0833467841148376,
         17.1175708770752,
         33.0471496582031
      ],
      "yaw": 267.599456787109
   },
   "Littleboy": {
      "position": [
         -4.0,
         2.0,
         0.0
      ],
      "rotation": [
         0.0,
         0.0,
         0.0
      ],
      "scale": [
         1.0,
         1.0,
         1.0
      ]
   },
   "Player": {
      "position": [
         0.0,
         3.0,
         0.0
      ],
      "rotation": [
         0.0,
         0.0,
         0.0
      ],
      "scale": [
         1.0,
         1.0,
         1.0
      ]
   },
   "Scene": {
      "count": 2,
      "names": [
         "Littleboy",
         "Player"
      ]
   }
}
