{
   "Camera": {
      "count": 1,
      "pitch": -28.6002750396729,
      "position": [
         0.706664383411407,
         19.2570743560791,
         30.3378067016602
      ],
      "yaw": 267.199462890625
   },
   "Littleboy": {
      "position": [
         -4.0,
         2.0,
         0.0
      ],
      "rotation": [
         0.0,
         0.0,
         0.0
      ],
      "scale": [
         1.0,
         1.0,
         1.0
      ]
   },
   "Player": {
      "position": [
         0.0,
         3.0,
         0.0
      ],
      "rotation": [
         0.0,
         0.0,
         0.0
      ],
      "scale": [
         1.0,
         1.0,
         1.0
      ]
   },
   "Scene": {
      "count": 2,
      "names": [
         "Littleboy",
         "Player"
      ]
   }
}
