{
   "Camera": {
      "count": 1,
      "pitch": -24.6002998352051,
      "position": [
         -0.375640273094177,
         16.8659744262695,
         20.3595676422119
      ],
      "yaw": 266.796356201172
   },
   "Player": {
      "model": 0,
      "pickingType": 0,
      "position": [
         0.0,
         10.0,
         0.0
      ],
      "rotation": [
         30.0,
         60.0,
         0.0
      ],
      "scale": [
         1.0,
         1.0,
         1.0
      ]
   },
   "Roger": {
      "model": 0,
      "pickingType": 0,
      "position": [
         -5.0,
         4.0,
         0.0
      ],
      "rotation": [
         0.0,
         0.0,
         0.0
      ],
      "scale": [
         1.0,
         1.0,
         1.0
      ]
   },
   "Scene": {
      "count": 2,
      "names": [
         "Roger",
         "Player"
      ]
   }
}
