{
   "Camera": {
      "count": 1,
      "pitch": -18.6002864837646,
      "position": [
         11.9472484588623,
         12.8962287902832,
         28.9597053527832
      ],
      "yaw": 267.599609375
   },
   "Hello": {
      "position": [
         3.0,
         1.0,
         0.0
      ],
      "rotation": [
         0.0,
         0.0,
         0.0
      ],
      "scale": [
         1.0,
         1.0,
         1.0
      ]
   },
   "Littleman": {
      "position": [
         0.0,
         5.0,
         0.0
      ],
      "rotation": [
         0.0,
         0.0,
         0.0
      ],
      "scale": [
         1.0,
         1.0,
         1.0
      ]
   },
   "Player": {
      "position": [
         5.0,
         9.0,
         0.0
      ],
      "rotation": [
         0.0,
         0.0,
         0.0
      ],
      "scale": [
         1.0,
         1.0,
         1.0
      ]
   },
   "Scene": {
      "count": 3,
      "names": [
         "Littleman",
         "Player",
         "Hello"
      ]
   }
}
