{
   "Camera": {
      "count": 1,
      "pitch": -25.0002746582031,
      "position": [
         0.57463550567627,
         14.3522520065308,
         21.1998157501221
      ],
      "yaw": 269.598052978516
   },
   "Hello": {
      "position": [
         -8.0,
         3.0,
         0.0
      ],
      "rotation": [
         0.0,
         0.0,
         0.0
      ],
      "scale": [
         1.0,
         1.0,
         1.0
      ]
   },
   "Player": {
      "position": [
         5.0,
         3.0,
         0.0
      ],
      "rotation": [
         0.0,
         0.0,
         0.0
      ],
      "scale": [
         1.0,
         1.0,
         1.0
      ]
   },
   "Scene": {
      "count": 2,
      "names": [
         "Hello",
         "Player"
      ]
   }
}
