{
   "Camera": {
      "count": 1,
      "pitch": -13.4002523422241,
      "position": [
         1.51238179206848,
         18.2909545898438,
         33.9267845153809
      ],
      "yaw": 268.39501953125
   },
   "Cube": {
      "model": 0,
      "pickingType": 0,
      "position": [
         0.0,
         10.0,
         0.0
      ],
      "rotation": [
         0.0,
         0.0,
         0.0
      ],
      "scale": [
         1.0,
         1.0,
         1.0
      ]
   },
   "Plane": {
      "model": 0,
      "pickingType": 0,
      "position": [
         0.0,
         0.0,
         0.0
      ],
      "rotation": [
         0.0,
         0.0,
         0.0
      ],
      "scale": [
         10.0,
         0.100000001490116,
         10.0
      ]
   },
   "Scene": {
      "count": 2,
      "names": [
         "Plane",
         "Cube"
      ]
   }
}
