{
   "Camera": {
      "pitch": -21.0001106262207,
      "position": [
         1.73667752742767,
         16.1946907043457,
         -23.906457901001
      ],
      "yaw": 89.2001724243164
   },
   "Cube0": {
      "position": [
         0.0,
         3.0,
         0.0
      ],
      "rotation": [
         0.0,
         0.0,
         0.0
      ],
      "scale": [
         1.0,
         1.0,
         1.0
      ]
   },
   "Cube1": {
      "position": [
         5.0,
         3.0,
         0.0
      ],
      "rotation": [
         0.0,
         0.0,
         0.0
      ],
      "scale": [
         1.0,
         1.0,
         1.0
      ]
   },
   "Scene": {
      "Count": 2,
      "Names": [
         "Cube0",
         "Cube1"
      ]
   }
}
