{
   "Camera": {
      "count": 1,
      "pitch": -30.2002773284912,
      "position": [
         0.479488462209702,
         15.7598991394043,
         28.0940551757813
      ],
      "yaw": 269.199401855469
   },
   "Player": {
      "position": [
         1.0,
         4.0,
         0.0
      ],
      "rotation": [
         0.0,
         0.0,
         0.0
      ],
      "scale": [
         1.0,
         1.0,
         1.0
      ]
   },
   "Scene": {
      "count": 2,
      "names": [
         "Swaggy",
         "Player"
      ]
   },
   "Swaggy": {
      "position": [
         -4.0,
         2.0,
         0.0
      ],
      "rotation": [
         0.0,
         0.0,
         0.0
      ],
      "scale": [
         1.0,
         1.0,
         1.0
      ]
   }
}
