{
   "Camera": {
      "count": 1,
      "pitch": -23.000280380249,
      "position": [
         1.0382364988327,
         20.0234775543213,
         39.5155754089355
      ],
      "yaw": 269.999603271484
   },
   "Last": {
      "position": [
         0.0,
         0.0,
         0.0
      ],
      "rotation": [
         0.0,
         0.0,
         0.0
      ],
      "scale": [
         1.0,
         1.0,
         1.0
      ]
   },
   "Littleman": {
      "position": [
         0.0,
         5.0,
         0.0
      ],
      "rotation": [
         0.0,
         0.0,
         0.0
      ],
      "scale": [
         1.0,
         1.0,
         1.0
      ]
   },
   "Player": {
      "position": [
         5.0,
         9.0,
         0.0
      ],
      "rotation": [
         0.0,
         0.0,
         0.0
      ],
      "scale": [
         1.0,
         1.0,
         1.0
      ]
   },
   "Scene": {
      "count": 3,
      "names": [
         "Littleman",
         "Player",
         "Last"
      ]
   }
}
