{
   "Camera": {
      "count": 1,
      "pitch": -25.4002723693848,
      "position": [
         0.293916404247284,
         16.7370071411133,
         25.5224533081055
      ],
      "yaw": 274.398010253906
   },
   "Hello": {
      "position": [
         -5.0,
         2.0,
         0.0
      ],
      "rotation": [
         0.0,
         0.0,
         0.0
      ],
      "scale": [
         1.0,
         1.0,
         1.0
      ]
   },
   "Player": {
      "position": [
         0.0,
         4.0,
         0.0
      ],
      "rotation": [
         0.0,
         0.0,
         0.0
      ],
      "scale": [
         1.0,
         1.0,
         1.0
      ]
   },
   "Scene": {
      "count": 2,
      "names": [
         "Player",
         "Hello"
      ]
   }
}
